{"classifier":{"examples":{"greetings":[[1,1,0,0]],"name":[[0,0,1,1]]},"features":[],"featurePositions":{},"maxFeaturePosition":0,"classifications":["greetings","name"],"exampleCount":2,"theta":[{"elements":[2.5889451998368904,2.5889451998368904,-2.5889451998368904,-2.5889451998368904]},{"elements":[-2.5889451998368904,-2.5889451998368904,2.5889451998368904,2.5889451998368904]}]},"docs":[{"label":"greetings","text":["hello","bot"]},{"label":"name","text":["name","bob"]}],"features":{"hello":1,"bot":1,"name":1,"bob":1},"stemmer":{},"lastAdded":2,"events":{"domain":null,"_events":{},"_eventsCount":0}}